id,first_name,last_name,email,gender,ip_address
1,Anatol,Rosi,arosi0@foxnews.com,Genderfluid,109.62.107.184
2,Christyna,Burnside,cburnside1@google.co.uk,Female,77.191.197.66
3,Mylo,Deeves,mdeeves2@shareasale.com,Male,180.187.193.9
4,Marilyn,Rollins,mrollins3@exblog.jp,Polygender,140.109.63.111
5,Lilllie,Rasell,lrasell4@com.com,Polygender,79.130.18.95
6,Tami,Assel,tassel5@friendfeed.com,Genderqueer,13.61.102.181
7,Bale,Mc Caghan,bmccaghan6@ucla.edu,Non-binary,12.130.65.146
8,Claudette,Theakston,ctheakston7@skyrock.com,Polygender,200.90.109.76
9,Earvin,Dunaway,edunaway8@flickr.com,Agender,112.128.143.89
10,Douglass,Pletts,dpletts9@cisco.com,Bigender,162.206.22.53
11,Alvin,Stother,astothera@timesonline.co.uk,Agender,92.112.91.97
12,Marigold,Ching,mchingb@woothemes.com,Genderfluid,1.69.143.148
13,Gabe,Neilan,gneilanc@123-reg.co.uk,Non-binary,202.24.181.8
14,Sheelagh,Malser,smalserd@weebly.com,Polygender,152.230.37.101
15,Fee,Mead,fmeade@hexun.com,Agender,172.178.218.226
16,Reid,Lohmeyer,rlohmeyerf@marriott.com,Bigender,144.66.255.198
17,Angel,McKiddin,amckidding@umich.edu,Genderqueer,111.73.37.240
18,Shannen,Blanket,sblanketh@psu.edu,Female,31.222.16.44
19,Geri,Rainger,graingeri@ucla.edu,Polygender,183.140.137.195
20,Ricki,Ropars,rroparsj@china.com.cn,Female,248.29.53.96
21,Noellyn,Roobottom,nroobottomk@weather.com,Female,222.241.54.149
22,Shaylah,Jarnell,sjarnelll@imdb.com,Male,203.62.235.142
23,Rhody,Dimmick,rdimmickm@meetup.com,Bigender,92.193.193.139
24,Carlin,Featherstone,cfeatherstonen@answers.com,Bigender,127.152.223.232
25,Fairlie,Crooks,fcrookso@de.vu,Female,20.127.141.221
26,Jannel,Bullon,jbullonp@wikipedia.org,Male,198.78.205.144
27,Staford,Fowden,sfowdenq@msn.com,Female,105.208.183.228
28,Ileana,McReidy,imcreidyr@reuters.com,Female,126.99.63.168
29,Nappie,Habbergham,nhabberghams@vinaora.com,Non-binary,175.79.192.21
30,Ferris,Pletts,fplettst@sun.com,Bigender,123.66.141.140
31,Drusy,Woof,dwoofu@mail.ru,Bigender,127.113.95.149
32,Ebba,Osmund,eosmundv@desdev.cn,Male,10.159.239.26
33,Loren,Doulton,ldoultonw@blog.com,Polygender,171.182.238.110
34,Northrup,Dunniom,ndunniomx@blogs.com,Polygender,210.115.69.239
35,Heida,Huge,hhugey@thetimes.co.uk,Agender,27.218.125.102
36,Lea,Vesty,lvestyz@themeforest.net,Female,10.55.137.186
37,Octavia,Clayfield,oclayfield10@privacy.gov.au,Genderqueer,147.81.188.237
38,Thomasina,Langan,tlangan11@nymag.com,Polygender,73.127.181.81
39,Leroy,Najera,lnajera12@meetup.com,Male,201.43.240.16
40,Christiane,Retter,cretter13@adobe.com,Male,140.234.164.50
41,Ellene,Dysart,edysart14@arizona.edu,Agender,133.130.131.48
42,Nanice,Lower,nlower15@quantcast.com,Male,79.196.145.56
43,Denney,Bestar,dbestar16@cisco.com,Genderqueer,193.21.72.38
44,Malvin,Wiltshire,mwiltshire17@earthlink.net,Bigender,192.134.34.238
45,Marmaduke,Tumielli,mtumielli18@google.co.jp,Genderfluid,169.68.135.103
46,Jillene,Darrington,jdarrington19@bbc.co.uk,Polygender,182.86.74.65
47,Mabel,Howen,mhowen1a@java.com,Genderfluid,135.192.91.112
48,Kori,Cowterd,kcowterd1b@freewebs.com,Non-binary,204.50.187.230
49,Ase,Cavendish,acavendish1c@prnewswire.com,Bigender,174.191.184.128
50,Lianne,Longford,llongford1d@vimeo.com,Female,172.52.80.214
51,Zane,MacAnellye,zmacanellye1e@woothemes.com,Polygender,68.173.139.174
52,Cthrine,Inman,cinman1f@google.com.br,Female,98.119.134.31
53,Oliviero,Dyerson,odyerson1g@ftc.gov,Female,67.8.135.188
54,Tom,Jutson,tjutson1h@army.mil,Male,159.39.219.216
55,Linnet,Treneer,ltreneer1i@artisteer.com,Male,102.159.148.218
56,Tommy,Vedeshkin,tvedeshkin1j@apple.com,Non-binary,216.204.32.85
57,Courtenay,Sooley,csooley1k@wordpress.com,Genderfluid,158.85.233.175
58,Phedra,Brandino,pbrandino1l@nymag.com,Female,149.227.7.249
59,Tedd,Lochead,tlochead1m@time.com,Polygender,144.81.13.131
60,Barbee,Volker,bvolker1n@wix.com,Genderqueer,64.127.90.139
61,Norrie,Shirley,nshirley1o@jimdo.com,Bigender,38.126.7.37
62,Cleon,Chantillon,cchantillon1p@reuters.com,Bigender,222.84.147.39
63,Celestine,Cropton,ccropton1q@blinklist.com,Genderqueer,221.115.3.66
64,Pasquale,Fenix,pfenix1r@sciencedaily.com,Bigender,223.215.85.16
65,Ellerey,Cannavan,ecannavan1s@vk.com,Bigender,150.241.44.29
66,Hunter,Huett,hhuett1t@mtv.com,Non-binary,248.83.218.181
67,Mady,Bastow,mbastow1u@dagondesign.com,Agender,98.86.241.84
68,Patric,Berriball,pberriball1v@google.ru,Non-binary,183.88.30.96
69,Trisha,Hemstead,themstead1w@vimeo.com,Bigender,176.232.166.215
70,Rosaleen,Toghill,rtoghill1x@nih.gov,Polygender,135.53.38.88
71,Amitie,Troyes,atroyes1y@ebay.co.uk,Female,98.157.57.93
72,Ilysa,Dugget,idugget1z@live.com,Polygender,243.15.247.146
73,Ellary,Clell,eclell20@ftc.gov,Non-binary,55.106.253.227
74,Lesly,Semon,lsemon21@weebly.com,Genderqueer,129.188.160.165
75,Reeva,Rosle,rrosle22@harvard.edu,Non-binary,81.208.192.127
76,Kenyon,Ringwood,kringwood23@blogtalkradio.com,Male,204.98.38.199
77,Page,Buttel,pbuttel24@spotify.com,Genderqueer,235.213.55.11
78,Julienne,Degoey,jdegoey25@netvibes.com,Female,218.136.213.51
79,Mike,Spuner,mspuner26@adobe.com,Genderqueer,34.201.244.111
80,Kane,Matzen,kmatzen27@guardian.co.uk,Genderfluid,120.234.216.118
81,Cristie,Happert,chappert28@shop-pro.jp,Non-binary,7.192.152.97
82,Griff,Deniscke,gdeniscke29@liveinternet.ru,Male,139.206.58.213
83,Joachim,Farrent,jfarrent2a@bandcamp.com,Agender,229.145.181.109
84,Karen,Kenwrick,kkenwrick2b@etsy.com,Genderfluid,250.162.22.44
85,Eileen,Craufurd,ecraufurd2c@blinklist.com,Genderfluid,145.139.173.162
86,Jena,Longfellow,jlongfellow2d@ihg.com,Non-binary,147.202.95.120
87,Milicent,McGraith,mmcgraith2e@nsw.gov.au,Polygender,80.5.177.11
88,Edythe,McCourtie,emccourtie2f@nih.gov,Bigender,161.119.11.146
89,Koren,Grassot,kgrassot2g@sourceforge.net,Genderfluid,105.172.199.97
90,Anallese,Nanetti,ananetti2h@about.me,Male,146.152.157.198
91,Cherri,Giraudou,cgiraudou2i@lycos.com,Genderfluid,0.228.217.93
92,Bob,Sitlinton,bsitlinton2j@toplist.cz,Agender,113.135.121.75
93,Dot,Frisel,dfrisel2k@irs.gov,Non-binary,169.53.175.4
94,Camila,Delf,cdelf2l@barnesandnoble.com,Genderfluid,219.170.35.199
95,Guglielmo,Tuppeny,gtuppeny2m@netscape.com,Bigender,220.216.127.13
96,Noel,Gowdridge,ngowdridge2n@bravesites.com,Non-binary,116.77.187.201
97,Evangelina,Blatherwick,eblatherwick2o@foxnews.com,Female,123.135.249.190
98,Alicea,Hoyte,ahoyte2p@edublogs.org,Bigender,112.240.161.167
99,Cullin,Hoyes,choyes2q@reverbnation.com,Bigender,153.91.27.144
100,Wallis,Gilby,wgilby2r@soundcloud.com,Non-binary,8.217.91.124
101,Tiebout,Tabart,ttabart2s@businessweek.com,Genderqueer,140.57.182.223
102,Isiahi,Bellows,ibellows2t@studiopress.com,Bigender,251.111.13.189
103,Terrence,Dempsey,tdempsey2u@arstechnica.com,Male,251.165.210.179
104,Silva,Gregoli,sgregoli2v@pinterest.com,Genderfluid,95.126.169.186
105,Palmer,Erricker,perricker2w@dion.ne.jp,Genderqueer,126.47.228.106
106,Shanna,Drayn,sdrayn2x@digg.com,Non-binary,178.255.58.28
107,Natassia,Todarello,ntodarello2y@miibeian.gov.cn,Polygender,183.73.152.110
108,Melvyn,Stalman,mstalman2z@ycombinator.com,Bigender,150.183.126.147
109,Allison,Rickeard,arickeard30@dion.ne.jp,Male,57.218.44.121
110,Susi,Well,swell31@mozilla.org,Agender,55.123.243.80
111,Charis,Mulcaster,cmulcaster32@home.pl,Male,153.178.108.103
112,Paco,Lorriman,plorriman33@google.com.au,Genderfluid,97.153.28.128
113,Darren,Ferryn,dferryn34@pinterest.com,Genderfluid,184.10.222.213
114,Shannah,Carnalan,scarnalan35@google.pl,Genderqueer,61.201.171.72
115,Nat,Aldis,naldis36@gizmodo.com,Female,170.98.235.160
116,Carey,Harlock,charlock37@skyrock.com,Genderqueer,173.119.248.118
117,Silvie,Guerrieri,sguerrieri38@businesswire.com,Agender,39.198.148.116
118,Marj,Kenright,mkenright39@techcrunch.com,Genderfluid,250.122.241.252
119,Paquito,Porritt,pporritt3a@photobucket.com,Female,156.62.149.26
120,Eamon,Gallety,egallety3b@biglobe.ne.jp,Agender,134.152.73.112
121,Abraham,Hadlow,ahadlow3c@kickstarter.com,Non-binary,130.29.197.212
122,Lucien,Coldridge,lcoldridge3d@ehow.com,Non-binary,101.10.246.123
123,Micki,Woodroofe,mwoodroofe3e@pen.io,Polygender,227.68.120.87
124,Babs,Cotgrove,bcotgrove3f@hp.com,Non-binary,14.224.66.251
125,Hogan,Feacham,hfeacham3g@angelfire.com,Polygender,60.2.178.34
126,Casi,Clipston,cclipston3h@unc.edu,Agender,41.197.233.36
127,Julianne,Delafoy,jdelafoy3i@who.int,Male,108.93.145.218
128,Temple,de Keep,tdekeep3j@howstuffworks.com,Non-binary,32.141.196.70
129,Alano,Bollins,abollins3k@cyberchimps.com,Genderqueer,207.118.185.125
130,Bone,Cuniam,bcuniam3l@sciencedirect.com,Bigender,185.213.236.164
131,Goldina,Howels,ghowels3m@elpais.com,Genderqueer,143.232.224.59
132,Christophorus,Gerren,cgerren3n@cocolog-nifty.com,Female,90.247.10.32
133,Celie,Valasek,cvalasek3o@prnewswire.com,Agender,175.192.162.120
134,Tabatha,Dampney,tdampney3p@columbia.edu,Genderqueer,160.222.248.91
135,Georges,Tattersall,gtattersall3q@cyberchimps.com,Male,38.190.39.235
136,Kyle,Fursland,kfursland3r@linkedin.com,Genderqueer,12.209.72.89
137,Kris,Eisenberg,keisenberg3s@bbb.org,Polygender,110.28.155.249
138,Goldi,Giovannazzi,ggiovannazzi3t@examiner.com,Genderfluid,235.156.203.155
139,Josee,Guyver,jguyver3u@csmonitor.com,Non-binary,213.172.143.156
140,Blinnie,Parsonson,bparsonson3v@amazon.co.jp,Female,43.217.131.107
141,Forrest,Creed,fcreed3w@addtoany.com,Genderfluid,28.211.149.43
142,Brenn,Hallford,bhallford3x@vk.com,Male,44.58.7.55
143,Leta,Rameaux,lrameaux3y@msn.com,Genderfluid,125.16.14.191
144,Mohandas,Lamasna,mlamasna3z@pen.io,Genderqueer,42.47.100.245
145,Faustina,Waggitt,fwaggitt40@bbc.co.uk,Bigender,226.109.243.73
146,Ade,Scroggie,ascroggie41@g.co,Non-binary,8.155.110.151
147,Win,Rolston,wrolston42@diigo.com,Non-binary,160.114.227.114
148,Rockwell,Gallamore,rgallamore43@privacy.gov.au,Genderqueer,195.12.217.116
149,Barnabas,Gooch,bgooch44@europa.eu,Bigender,222.196.193.227
150,Karlik,Woollacott,kwoollacott45@sohu.com,Genderqueer,243.102.214.164
151,Dorine,Couvet,dcouvet46@unicef.org,Male,125.227.12.224
152,Ivor,Edgson,iedgson47@360.cn,Polygender,96.73.157.80
153,Mareah,McCrow,mmccrow48@intel.com,Polygender,42.161.72.249
154,Nyssa,Swaddle,nswaddle49@bloglovin.com,Female,146.26.124.242
155,Llywellyn,Hawkridge,lhawkridge4a@phoca.cz,Male,70.100.200.78
156,Clevey,Jackalin,cjackalin4b@theglobeandmail.com,Male,4.121.121.231
157,Genevieve,Kedslie,gkedslie4c@issuu.com,Genderqueer,103.171.136.114
158,Tobiah,Peplaw,tpeplaw4d@ed.gov,Polygender,206.179.116.101
159,Christabel,Dincey,cdincey4e@bbc.co.uk,Polygender,80.211.158.13
160,Pansy,Maldin,pmaldin4f@amazon.co.jp,Genderqueer,184.22.49.124
161,Keene,Housley,khousley4g@mayoclinic.com,Bigender,243.216.248.39
162,Lucio,Grayer,lgrayer4h@hibu.com,Polygender,224.200.67.8
163,Lewie,Carrol,lcarrol4i@netvibes.com,Polygender,36.133.87.196
164,Mike,Jirsa,mjirsa4j@jiathis.com,Bigender,107.108.164.198
165,Yvor,Campling,ycampling4k@tmall.com,Bigender,42.236.234.113
166,Kaspar,Burnie,kburnie4l@go.com,Bigender,69.6.136.67
167,Germayne,Tellwright,gtellwright4m@hatena.ne.jp,Polygender,50.146.159.165
168,Rolland,Snodden,rsnodden4n@china.com.cn,Non-binary,11.33.142.211
169,Ryley,Klich,rklich4o@digg.com,Bigender,14.171.125.83
170,Tabor,Siddell,tsiddell4p@opensource.org,Non-binary,91.158.231.18
171,Elfie,Duigan,eduigan4q@mail.ru,Polygender,186.97.36.247
172,Florenza,Engall,fengall4r@buzzfeed.com,Polygender,185.216.50.136
173,Beret,Rowbotham,browbotham4s@hibu.com,Polygender,241.215.247.69
174,Trina,Compford,tcompford4t@google.pl,Bigender,34.162.71.178
175,Sylvan,Kauble,skauble4u@adobe.com,Polygender,221.181.111.74
176,Brianne,Grassi,bgrassi4v@blinklist.com,Female,33.47.237.42
177,Myrna,Wilde,mwilde4w@archive.org,Genderqueer,52.15.217.178
178,Kerwin,Rope,krope4x@live.com,Non-binary,127.128.189.190
179,Dolly,Hirschmann,dhirschmann4y@list-manage.com,Male,241.234.176.224
180,Vannie,Heatherington,vheatherington4z@ning.com,Genderfluid,9.101.62.222
181,Hyacintha,Dowthwaite,hdowthwaite50@shinystat.com,Polygender,129.200.120.41
182,Chet,Wyeld,cwyeld51@mysql.com,Polygender,115.114.163.141
183,Arlin,Sparrow,asparrow52@vistaprint.com,Genderfluid,79.199.142.238
184,Loutitia,Kerner,lkerner53@japanpost.jp,Non-binary,238.127.235.181
185,Gradeigh,Phillipp,gphillipp54@cpanel.net,Agender,94.216.101.149
186,Albie,Forlong,aforlong55@trellian.com,Bigender,254.86.38.233
187,Clemens,Inglesfield,cinglesfield56@gov.uk,Genderqueer,49.202.233.208
188,Vince,Ladel,vladel57@artisteer.com,Female,67.18.119.64
189,Cloe,Grundell,cgrundell58@microsoft.com,Genderfluid,236.226.124.171
190,Jarrid,Bleakman,jbleakman59@nature.com,Genderfluid,164.15.30.130
191,Deeann,Bernardinelli,dbernardinelli5a@google.com.hk,Polygender,2.88.227.16
192,Colette,Maddicks,cmaddicks5b@un.org,Genderqueer,206.115.78.222
193,Shane,Lathleiff,slathleiff5c@tmall.com,Agender,124.148.62.41
194,Lucius,Champain,lchampain5d@nba.com,Genderfluid,1.220.168.2
195,Jannelle,McGrouther,jmcgrouther5e@howstuffworks.com,Polygender,84.222.86.79
196,Estelle,Deviney,edeviney5f@ihg.com,Genderfluid,217.166.104.202
197,Yasmeen,Killgus,ykillgus5g@yellowpages.com,Genderqueer,250.112.83.126
198,Beryle,Barrowclough,bbarrowclough5h@bandcamp.com,Genderfluid,242.162.182.115
199,Freeman,McLese,fmclese5i@youtube.com,Bigender,188.80.212.63
200,Ofilia,Tift,otift5j@angelfire.com,Bigender,14.5.181.144
201,Eva,Mellmer,emellmer5k@mediafire.com,Male,226.52.35.175
202,Faulkner,Kalinowsky,fkalinowsky5l@reference.com,Male,241.193.63.30
203,Andrea,Luna,aluna5m@e-recht24.de,Non-binary,27.80.67.77
204,Bent,Sarginson,bsarginson5n@google.pl,Genderfluid,46.200.110.195
205,Corabella,Rydzynski,crydzynski5o@tripadvisor.com,Female,112.167.154.154
206,Constantino,Stockell,cstockell5p@geocities.com,Genderqueer,57.211.4.38
207,Anabel,Gauge,agauge5q@uol.com.br,Agender,233.51.153.58
208,Lanni,Bouskill,lbouskill5r@goo.gl,Bigender,36.198.222.151
209,Flory,Bickerstaffe,fbickerstaffe5s@xing.com,Genderfluid,4.77.120.63
210,Lucina,Gornal,lgornal5t@fc2.com,Bigender,76.30.105.30
211,Andie,Wesker,awesker5u@usatoday.com,Genderqueer,48.152.77.204
212,Bobbette,Daunay,bdaunay5v@fc2.com,Female,83.29.125.112
213,Cariotta,Steddall,csteddall5w@google.com,Genderfluid,38.111.5.232
214,Kania,De'Vere - Hunt,kdeverehunt5x@cargocollective.com,Bigender,97.106.118.231
215,Layla,Pratton,lpratton5y@who.int,Non-binary,25.36.60.188
216,Donavon,Trousdell,dtrousdell5z@globo.com,Bigender,23.239.44.1
217,George,Costi,gcosti60@instagram.com,Male,54.55.153.52
218,Sampson,Brisse,sbrisse61@java.com,Genderfluid,216.55.104.181
219,Pauly,Welland,pwelland62@google.com.hk,Polygender,179.63.163.190
220,Ruthi,Bordiss,rbordiss63@businessinsider.com,Genderfluid,193.52.177.22
221,Glynda,Fredy,gfredy64@gmpg.org,Polygender,69.171.17.190
222,Faulkner,Clemetts,fclemetts65@xinhuanet.com,Agender,144.187.173.123
223,Haze,Bunch,hbunch66@acquirethisname.com,Male,58.143.21.190
224,Stu,Lohrensen,slohrensen67@whitehouse.gov,Agender,188.30.202.50
225,Torey,Carragher,tcarragher68@ow.ly,Genderqueer,53.79.246.40
226,Brandyn,Woodruff,bwoodruff69@netlog.com,Polygender,235.174.130.156
227,Veronika,Postance,vpostance6a@hostgator.com,Bigender,147.114.84.86
228,Cal,Starbeck,cstarbeck6b@army.mil,Agender,155.79.82.201
229,Meara,Massen,mmassen6c@amazon.co.uk,Female,153.112.186.117
230,Engelbert,Atrill,eatrill6d@mysql.com,Female,206.77.49.13
231,Sharlene,Johnson,sjohnson6e@1und1.de,Agender,218.165.67.6
232,Adrien,Guilloud,aguilloud6f@stumbleupon.com,Male,32.155.89.103
233,Jacquelynn,Mathieson,jmathieson6g@dyndns.org,Bigender,102.115.79.118
234,Albrecht,Fortnum,afortnum6h@reuters.com,Female,147.137.107.242
235,Bronny,Nulty,bnulty6i@photobucket.com,Male,143.180.228.216
236,Leonie,Fotheringham,lfotheringham6j@washingtonpost.com,Polygender,63.142.226.11
237,Agnese,Littlejohns,alittlejohns6k@theguardian.com,Bigender,217.200.182.144
238,Collete,Schulz,cschulz6l@howstuffworks.com,Genderqueer,208.35.68.221
239,Asia,De Filippis,adefilippis6m@uol.com.br,Female,128.17.92.84
240,Manolo,Hacket,mhacket6n@intel.com,Polygender,21.201.174.192
241,Jana,Ozanne,jozanne6o@scientificamerican.com,Male,201.119.202.192
242,Bunni,Edgecombe,bedgecombe6p@nydailynews.com,Polygender,204.80.31.62
243,Jada,Glastonbury,jglastonbury6q@cnet.com,Genderfluid,114.71.134.153
244,Griffie,McGenis,gmcgenis6r@nasa.gov,Genderfluid,89.210.120.174
245,Heather,Shillabeare,hshillabeare6s@squidoo.com,Agender,162.123.105.180
246,Gert,Apfler,gapfler6t@github.com,Genderqueer,148.178.188.108
247,Mortimer,Benn,mbenn6u@howstuffworks.com,Male,228.202.3.55
248,Mikaela,Cocklin,mcocklin6v@microsoft.com,Genderqueer,125.213.214.196
249,Debera,Vignaux,dvignaux6w@cocolog-nifty.com,Genderfluid,64.115.178.138
250,Dael,Joddens,djoddens6x@sfgate.com,Male,125.236.202.182
251,Maddi,Dwerryhouse,mdwerryhouse6y@ebay.com,Female,1.173.51.187
252,Kyle,Bennetto,kbennetto6z@qq.com,Male,95.58.184.141
253,Roch,Carmen,rcarmen70@google.cn,Female,25.190.74.34
254,Vick,Matisse,vmatisse71@microsoft.com,Non-binary,23.162.95.196
255,Luce,Brearton,lbrearton72@dailymotion.com,Female,197.225.254.168
256,Anatollo,Nabarro,anabarro73@moonfruit.com,Genderqueer,178.226.63.5
257,Farley,Bilam,fbilam74@ed.gov,Agender,75.31.128.183
258,Donelle,Artist,dartist75@ocn.ne.jp,Female,203.74.123.220
259,Brendon,Rubinchik,brubinchik76@uol.com.br,Genderqueer,174.166.14.254
260,Drucie,Klauer,dklauer77@altervista.org,Genderqueer,207.76.145.33
261,Christoph,Smalls,csmalls78@taobao.com,Agender,251.80.207.21
262,Kipper,Poulsom,kpoulsom79@discuz.net,Bigender,140.89.46.255
263,Oberon,Extance,oextance7a@moonfruit.com,Agender,97.36.115.206
264,Pegeen,Dawby,pdawby7b@ft.com,Polygender,79.66.191.182
265,Wolf,Eadmeads,weadmeads7c@abc.net.au,Polygender,183.162.36.48
266,Waverley,Darkin,wdarkin7d@hhs.gov,Bigender,112.144.14.108
267,Reagen,Welling,rwelling7e@reuters.com,Polygender,72.175.197.49
268,Leonie,Vigars,lvigars7f@army.mil,Agender,27.35.253.122
269,Normie,Kirkpatrick,nkirkpatrick7g@opensource.org,Male,180.146.141.3
270,North,Lauderdale,nlauderdale7h@histats.com,Agender,48.0.163.214
271,Dulciana,McGarrell,dmcgarrell7i@engadget.com,Male,15.4.36.245
272,Melesa,Bossingham,mbossingham7j@myspace.com,Genderfluid,104.105.164.218
273,Immanuel,Been,ibeen7k@yale.edu,Female,98.41.26.13
274,Lin,Geillier,lgeillier7l@csmonitor.com,Agender,68.195.199.246
275,Helen,Rubinek,hrubinek7m@pen.io,Female,160.182.58.155
276,Juan,Beenham,jbeenham7n@amazon.co.uk,Polygender,159.186.96.7
277,Justin,McMenemy,jmcmenemy7o@booking.com,Genderqueer,219.189.218.105
278,Farrell,Cornish,fcornish7p@nydailynews.com,Bigender,93.31.199.101
279,Adelaida,Kilmaster,akilmaster7q@diigo.com,Genderfluid,242.73.125.201
280,Lonna,Stuckley,lstuckley7r@artisteer.com,Polygender,176.159.175.54
281,Isak,Chalcraft,ichalcraft7s@redcross.org,Agender,95.137.105.252
282,Carlota,Kobierzycki,ckobierzycki7t@ask.com,Polygender,188.135.236.56
283,Emelina,Dexter,edexter7u@youku.com,Bigender,76.208.58.212
284,Myriam,Richen,mrichen7v@topsy.com,Agender,135.85.130.174
285,Ilsa,Mucklo,imucklo7w@elegantthemes.com,Non-binary,137.51.133.168
286,Pail,Whorall,pwhorall7x@about.com,Non-binary,174.204.20.36
287,Jaymie,Barney,jbarney7y@usgs.gov,Bigender,190.22.99.95
288,Lin,Filde,lfilde7z@marketwatch.com,Male,202.31.15.45
289,Nadeen,Quinane,nquinane80@linkedin.com,Polygender,154.146.46.125
290,Monte,Fearnall,mfearnall81@blogtalkradio.com,Polygender,193.24.195.253
291,Eloisa,McNaught,emcnaught82@auda.org.au,Female,1.151.124.71
292,Derril,Caseborne,dcaseborne83@alexa.com,Bigender,148.110.126.254
293,Aubry,Brockelsby,abrockelsby84@parallels.com,Agender,180.160.96.217
294,Olympia,Riggoll,origgoll85@bloglovin.com,Genderqueer,14.202.139.53
295,Irwinn,Mournian,imournian86@amazon.co.jp,Agender,193.184.82.244
296,Scotti,Dorsey,sdorsey87@prweb.com,Agender,222.155.98.228
297,Eleanor,Justun,ejustun88@apache.org,Genderqueer,245.243.30.116
298,Lanae,Schruyers,lschruyers89@google.fr,Female,110.171.105.62
299,Merrill,Connick,mconnick8a@si.edu,Polygender,188.2.63.182
300,Roana,Morland,rmorland8b@gmpg.org,Non-binary,85.224.22.186
301,Olwen,Northall,onorthall8c@scribd.com,Non-binary,12.217.241.225
302,Al,Blanque,ablanque8d@soundcloud.com,Genderqueer,16.106.88.165
303,Izzy,Paye,ipaye8e@disqus.com,Agender,104.200.240.241
304,Joyann,Lamborn,jlamborn8f@sitemeter.com,Male,235.5.239.136
305,Rice,Scole,rscole8g@archive.org,Female,115.72.200.213
306,Nat,Raffin,nraffin8h@cnn.com,Non-binary,65.91.119.50
307,Wilden,Morena,wmorena8i@bigcartel.com,Male,177.17.79.255
308,Arleyne,Uzelli,auzelli8j@pen.io,Bigender,198.142.120.129
309,Hamil,Wiley,hwiley8k@wufoo.com,Genderfluid,31.172.112.98
310,Serge,Birwhistle,sbirwhistle8l@histats.com,Genderqueer,93.172.146.65
311,Yetty,Gendricke,ygendricke8m@tuttocitta.it,Genderfluid,170.239.211.217
312,Doralynn,Sarrell,dsarrell8n@skype.com,Polygender,148.7.70.175
313,Wittie,Vedeneev,wvedeneev8o@wordpress.com,Polygender,80.51.242.151
314,Rossy,Smellie,rsmellie8p@census.gov,Genderqueer,162.204.255.217
315,Bran,Stollenwerck,bstollenwerck8q@artisteer.com,Genderfluid,97.249.133.17
316,Damien,Campe,dcampe8r@bloglovin.com,Polygender,22.97.215.187
317,Lennard,Orgel,lorgel8s@phoca.cz,Genderqueer,252.250.189.191
318,Berke,Hesey,bhesey8t@bluehost.com,Male,122.144.7.2
319,Ingra,Braferton,ibraferton8u@a8.net,Non-binary,185.56.184.139
320,Valida,Roller,vroller8v@google.com,Male,96.242.11.66
321,Mendy,Pinke,mpinke8w@webmd.com,Non-binary,125.58.210.14
322,Ardelle,Carillo,acarillo8x@china.com.cn,Male,131.227.123.141
323,Keefe,Mundle,kmundle8y@dion.ne.jp,Genderqueer,251.126.199.109
324,Marna,Copley,mcopley8z@bandcamp.com,Genderqueer,246.211.9.15
325,Aindrea,Cranstoun,acranstoun90@webmd.com,Female,247.170.19.24
326,Jeannette,Tyrrell,jtyrrell91@networksolutions.com,Genderfluid,4.59.1.162
327,Kylie,Dibsdale,kdibsdale92@nifty.com,Agender,193.54.15.155
328,Starr,Nowick,snowick93@blogs.com,Male,92.128.89.234
329,Terrijo,Dy,tdy94@apple.com,Non-binary,59.25.199.100
330,Sarene,Ferronet,sferronet95@canalblog.com,Genderqueer,150.4.173.152
331,Ervin,Agus,eagus96@yellowpages.com,Female,144.164.95.7
332,Vallie,Povey,vpovey97@pagesperso-orange.fr,Polygender,6.7.222.63
333,Roderich,Belvard,rbelvard98@prlog.org,Polygender,127.72.225.212
334,Nat,Clemmow,nclemmow99@nsw.gov.au,Bigender,53.210.189.90
335,Sherline,Bugs,sbugs9a@edublogs.org,Genderfluid,211.141.163.234
336,Karlene,Peris,kperis9b@ehow.com,Genderqueer,226.145.9.92
337,Carter,Yielding,cyielding9c@xinhuanet.com,Agender,160.105.61.149
338,Jerrilyn,Crock,jcrock9d@usa.gov,Agender,64.29.106.140
339,Upton,Stobbart,ustobbart9e@opensource.org,Agender,167.41.120.115
340,Jayne,Poulston,jpoulston9f@shinystat.com,Male,95.51.38.76
341,Duane,Sheepy,dsheepy9g@unicef.org,Bigender,98.212.178.242
342,Josepha,Sellan,jsellan9h@berkeley.edu,Genderfluid,160.247.242.150
343,Cybill,Vowells,cvowells9i@edublogs.org,Genderfluid,75.23.55.34
344,Sargent,Di Pietro,sdipietro9j@sitemeter.com,Genderqueer,113.210.43.227
345,Dniren,Bartlosz,dbartlosz9k@reverbnation.com,Genderqueer,183.65.65.249
346,Katlin,Souch,ksouch9l@telegraph.co.uk,Male,237.101.235.219
347,Ewart,Oldmeadow,eoldmeadow9m@bloglovin.com,Male,60.247.179.45
348,Arman,Alyokhin,aalyokhin9n@trellian.com,Genderqueer,229.130.143.182
349,Whittaker,Goodwell,wgoodwell9o@umn.edu,Bigender,198.167.99.42
350,Hirsch,Lannin,hlannin9p@mtv.com,Genderqueer,5.177.103.168
351,Tatiania,Fuchs,tfuchs9q@macromedia.com,Male,66.105.230.139
352,Rozanne,Dreng,rdreng9r@facebook.com,Genderqueer,46.172.153.234
353,Sammy,Ferrand,sferrand9s@ifeng.com,Polygender,81.132.128.166
354,Layney,Munday,lmunday9t@eventbrite.com,Polygender,20.159.255.248
355,Boothe,Velte,bvelte9u@sohu.com,Non-binary,173.83.151.96
356,Prince,Rainforth,prainforth9v@rambler.ru,Female,229.116.200.202
357,Melessa,Timlett,mtimlett9w@sina.com.cn,Genderfluid,109.72.12.227
358,Andromache,Trowl,atrowl9x@purevolume.com,Bigender,51.188.219.91
359,Marni,Chitham,mchitham9y@go.com,Agender,68.45.208.78
360,Dorella,Lewry,dlewry9z@answers.com,Genderqueer,3.29.220.231
361,Daniella,Groomebridge,dgroomebridgea0@php.net,Genderqueer,198.171.53.20
362,Fina,Crofts,fcroftsa1@cargocollective.com,Non-binary,75.176.91.109
363,Adrien,Willacot,awillacota2@cpanel.net,Non-binary,106.200.210.103
364,Adria,Allflatt,aallflatta3@slashdot.org,Non-binary,126.13.43.192
365,Carly,Elnaugh,celnaugha4@omniture.com,Agender,104.191.202.128
366,Glyn,Massy,gmassya5@samsung.com,Genderfluid,159.76.251.77
367,Symon,Adenet,sadeneta6@samsung.com,Bigender,136.159.43.232
368,Godfrey,Lohrensen,glohrensena7@nyu.edu,Agender,26.5.63.64
369,Domingo,Mahy,dmahya8@pbs.org,Male,171.77.11.230
370,Chicky,Gammidge,cgammidgea9@barnesandnoble.com,Male,25.208.130.210
371,Lula,Deem,ldeemaa@hhs.gov,Non-binary,90.111.167.237
372,Arda,Webland,aweblandab@chron.com,Genderfluid,231.18.209.66
373,Riley,Foulgham,rfoulghamac@ebay.com,Bigender,203.227.149.57
374,Wolfie,Whitman,wwhitmanad@yahoo.com,Bigender,127.121.250.144
375,Mina,Hopkins,mhopkinsae@biglobe.ne.jp,Non-binary,216.80.175.222
376,Justine,Hodgins,jhodginsaf@craigslist.org,Genderqueer,146.159.234.160
377,Maxie,Aguirrezabala,maguirrezabalaag@slashdot.org,Genderqueer,108.85.124.72
378,Benny,Struss,bstrussah@ustream.tv,Female,182.155.46.124
379,Bunnie,Tatnell,btatnellai@globo.com,Genderfluid,253.191.29.151
380,Ferrell,Palfreeman,fpalfreemanaj@cisco.com,Polygender,210.12.19.224
381,Rafaela,Ingham,ringhamak@hatena.ne.jp,Agender,49.78.43.231
382,Hillery,Gianasi,hgianasial@youku.com,Agender,208.191.192.163
383,Ester,Spinola,espinolaam@nyu.edu,Genderfluid,40.163.101.220
384,Chance,Dagger,cdaggeran@github.com,Bigender,95.94.214.181
385,Jinny,Gillmor,jgillmorao@samsung.com,Female,18.84.31.62
386,Julieta,Iacovini,jiacoviniap@huffingtonpost.com,Non-binary,172.250.88.230
387,Stacia,Tuffield,stuffieldaq@huffingtonpost.com,Agender,50.151.103.221
388,Dredi,Lauchlan,dlauchlanar@flickr.com,Bigender,151.35.209.255
389,Pamelina,Ead,peadas@nih.gov,Male,253.225.26.99
390,Marena,Dudney,mdudneyat@go.com,Female,109.34.152.223
391,Barbra,Gorton,bgortonau@toplist.cz,Non-binary,91.121.74.23
392,Penni,Cruz,pcruzav@paypal.com,Genderqueer,7.224.122.31
393,Mariya,Chadburn,mchadburnaw@fc2.com,Bigender,246.61.84.174
394,Annabelle,Fraczek,afraczekax@flavors.me,Agender,241.194.118.252
395,Tamas,O'Gaven,togavenay@webmd.com,Polygender,187.101.141.180
396,Shayne,Nuzzetti,snuzzettiaz@mapy.cz,Male,104.36.204.52
397,Myca,Breddy,mbreddyb0@opensource.org,Non-binary,55.79.126.116
398,Thayne,Feavers,tfeaversb1@psu.edu,Genderfluid,221.246.30.74
399,Yoko,Sara,ysarab2@over-blog.com,Female,40.121.246.115
400,Tawsha,Drackford,tdrackfordb3@springer.com,Bigender,50.30.50.72
401,Udell,Kevern,ukevernb4@ow.ly,Genderfluid,62.17.66.238
402,Georges,Baumaier,gbaumaierb5@youku.com,Polygender,215.64.251.149
403,Dael,Size,dsizeb6@google.es,Male,225.105.153.147
404,Dionisio,Dioniso,ddionisob7@newsvine.com,Male,0.185.152.97
405,Eddie,Langrick,elangrickb8@youtu.be,Genderfluid,199.29.127.134
406,Danyelle,Cowx,dcowxb9@cornell.edu,Bigender,130.172.109.190
407,Rubia,Brute,rbruteba@hhs.gov,Genderqueer,80.94.87.3
408,Neely,Bernth,nbernthbb@techcrunch.com,Non-binary,65.127.118.25
409,Carmel,Abrahami,cabrahamibc@cafepress.com,Non-binary,211.24.136.41
410,Shannon,Brownsall,sbrownsallbd@usda.gov,Bigender,115.159.4.80
411,Charmaine,Likely,clikelybe@istockphoto.com,Bigender,173.228.127.64
412,Abelard,Leak,aleakbf@netvibes.com,Genderfluid,175.213.22.14
413,Samuel,Vearnals,svearnalsbg@cocolog-nifty.com,Genderfluid,153.82.170.44
414,Joanie,Waberer,jwabererbh@vinaora.com,Genderqueer,34.48.32.140
415,Carena,Hefner,chefnerbi@de.vu,Non-binary,212.181.165.81
416,Netty,Conkey,nconkeybj@usnews.com,Genderfluid,46.99.18.138
417,Benoite,Mossdale,bmossdalebk@mtv.com,Genderfluid,58.50.145.236
418,Alvan,Lampen,alampenbl@admin.ch,Bigender,140.204.149.1
419,Marty,Hellyer,mhellyerbm@patch.com,Female,122.222.193.54
420,Damien,Mattheis,dmattheisbn@huffingtonpost.com,Polygender,26.206.238.122
421,Jeanie,Upcott,jupcottbo@ftc.gov,Genderfluid,191.204.107.119
422,Emile,Verbrugge,everbruggebp@clickbank.net,Agender,18.254.27.87
423,Golda,Hornig,ghornigbq@businessweek.com,Male,115.26.183.191
424,Phaidra,Suggey,psuggeybr@oracle.com,Male,42.157.70.147
425,Abie,Dumbreck,adumbreckbs@upenn.edu,Female,50.171.37.249
426,Trish,Binestead,tbinesteadbt@latimes.com,Bigender,115.212.18.210
427,Shana,Soreau,ssoreaubu@ebay.co.uk,Polygender,254.148.143.34
428,Celie,Basten,cbastenbv@stanford.edu,Female,123.81.25.23
429,Paddie,Clevely,pclevelybw@cbslocal.com,Non-binary,127.29.15.176
430,Blinni,Durnford,bdurnfordbx@cbslocal.com,Genderfluid,16.92.134.225
431,Odetta,Davydychev,odavydychevby@virginia.edu,Bigender,194.88.33.187
432,Myrta,Drohan,mdrohanbz@apple.com,Male,200.134.194.177
433,Sarene,Mussalli,smussallic0@quantcast.com,Genderfluid,199.185.213.155
434,Johnny,Forestall,jforestallc1@discovery.com,Female,129.126.17.43
435,Dyanne,Sackett,dsackettc2@slate.com,Bigender,252.126.125.145
436,Alverta,Boyet,aboyetc3@lulu.com,Genderqueer,201.66.189.224
437,Kearney,Lindbergh,klindberghc4@redcross.org,Genderfluid,200.81.215.2
438,Fidelity,Kentwell,fkentwellc5@ebay.co.uk,Agender,247.188.123.207
439,Harli,Auchinleck,hauchinleckc6@printfriendly.com,Male,172.26.214.58
440,Chantalle,Corgenvin,ccorgenvinc7@sphinn.com,Agender,208.147.86.197
441,Kinsley,Incogna,kincognac8@altervista.org,Female,110.30.195.152
442,Alphonso,Cranton,acrantonc9@github.com,Female,190.95.164.95
443,Toby,Olivari,tolivarica@omniture.com,Polygender,33.202.0.241
444,Lorine,Strippling,lstripplingcb@lycos.com,Agender,185.193.179.134
445,Dennet,Sly,dslycc@oakley.com,Female,173.146.106.215
446,Dawna,Dulieu,ddulieucd@umn.edu,Genderqueer,9.215.119.86
447,Mohandis,Micheu,mmicheuce@wikimedia.org,Male,222.210.178.131
448,Drew,Lupson,dlupsoncf@statcounter.com,Genderfluid,186.166.44.49
449,Wilfred,Obeney,wobeneycg@shop-pro.jp,Polygender,202.24.6.145
450,Friederike,Penson,fpensonch@ucsd.edu,Polygender,163.56.192.228
451,Bernete,Alvarado,balvaradoci@imgur.com,Polygender,152.181.80.187
452,Arly,Eddies,aeddiescj@wordpress.com,Non-binary,242.136.245.157
453,Manolo,Cotty,mcottyck@wired.com,Bigender,221.144.111.168
454,Zabrina,Keenlyside,zkeenlysidecl@typepad.com,Female,100.60.81.234
455,Nicolais,Kardos-Stowe,nkardosstowecm@smh.com.au,Male,185.56.55.193
456,Tiffi,Spittall,tspittallcn@theguardian.com,Female,126.76.142.172
457,Morrie,Iacovides,miacovidesco@boston.com,Male,5.30.186.213
458,Jaquelin,Waymont,jwaymontcp@utexas.edu,Non-binary,212.128.17.197
459,Allyn,Widger,awidgercq@github.io,Bigender,56.37.103.96
460,Devi,Overthrow,doverthrowcr@pcworld.com,Agender,159.71.130.40
461,Dick,Ingre,dingrecs@msu.edu,Agender,161.169.48.91
462,Wolf,Guitte,wguittect@blogs.com,Male,7.6.232.55
463,Godfree,Lickess,glickesscu@amazonaws.com,Male,234.133.121.115
464,Joelie,Woolacott,jwoolacottcv@who.int,Agender,113.253.207.234
465,Eileen,Geerits,egeeritscw@usa.gov,Genderfluid,79.131.206.91
466,Yasmin,Cadwell,ycadwellcx@macromedia.com,Agender,14.173.98.115
467,Eduardo,Williamson,ewilliamsoncy@exblog.jp,Non-binary,64.145.1.89
468,Michel,Darville,mdarvillecz@chron.com,Agender,180.240.24.41
469,Melisande,Burgher,mburgherd0@ucoz.com,Male,200.225.72.198
470,Jillane,Death,jdeathd1@gizmodo.com,Genderfluid,52.9.46.36
471,Laurice,Cottom,lcottomd2@last.fm,Bigender,8.225.247.107
472,Vanda,Duplock,vduplockd3@oakley.com,Polygender,2.225.149.18
473,Annmaria,Szabo,aszabod4@geocities.com,Genderfluid,241.252.156.232
474,Melisandra,Wheildon,mwheildond5@booking.com,Bigender,0.32.206.195
475,Arman,Yeowell,ayeowelld6@apple.com,Bigender,168.23.220.134
476,Pedro,Ghirigori,pghirigorid7@twitpic.com,Agender,243.166.230.218
477,Whitney,Puddan,wpuddand8@goo.ne.jp,Genderqueer,184.77.85.123
478,Miran,Gino,mginod9@ucoz.com,Agender,147.185.151.100
479,Tomasina,Klausen,tklausenda@list-manage.com,Male,163.163.36.55
480,Caspar,Hainsworth,chainsworthdb@odnoklassniki.ru,Agender,234.183.54.187
481,Torey,Baudon,tbaudondc@is.gd,Polygender,122.120.44.52
482,Cris,Mounsey,cmounseydd@noaa.gov,Genderfluid,169.128.17.198
483,Estrella,Birt,ebirtde@google.ru,Female,216.132.54.110
484,Stormi,Copland,scoplanddf@unc.edu,Female,106.252.17.115
485,Hi,L'oiseau,hloiseaudg@plala.or.jp,Female,80.95.111.230
486,Paton,Heers,pheersdh@wikia.com,Non-binary,158.38.93.54
487,Chadwick,Munton,cmuntondi@hexun.com,Non-binary,1.120.227.201
488,Rosalie,Domenici,rdomenicidj@cisco.com,Genderqueer,110.58.114.56
489,Raviv,Lilburne,rlilburnedk@elpais.com,Bigender,247.253.7.148
490,Avie,Blackie,ablackiedl@redcross.org,Agender,22.201.2.37
491,Maryanna,Johantges,mjohantgesdm@house.gov,Polygender,19.82.250.112
492,Ashleigh,Pleven,aplevendn@tuttocitta.it,Genderfluid,68.59.96.34
493,Patsy,Yanshinov,pyanshinovdo@hibu.com,Agender,11.46.0.145
494,Enrico,Smouten,esmoutendp@a8.net,Female,25.87.198.223
495,Beau,Gendricke,bgendrickedq@squarespace.com,Agender,32.218.106.251
496,Salvatore,Hayer,shayerdr@bbc.co.uk,Genderfluid,200.232.48.239
497,Anissa,Lowensohn,alowensohnds@washington.edu,Male,252.16.239.37
498,Zenia,Vaillant,zvaillantdt@ow.ly,Genderqueer,137.236.187.156
499,Cobb,Ravilious,craviliousdu@gnu.org,Agender,156.223.106.152
500,Norman,Alexsandrovich,nalexsandrovichdv@netlog.com,Non-binary,201.175.96.83
501,Carlos,Tilby,ctilbydw@adobe.com,Non-binary,85.14.138.118
502,Westbrooke,Maciunas,wmaciunasdx@over-blog.com,Polygender,91.9.127.188
503,Drew,D'Acth,ddacthdy@addtoany.com,Genderfluid,10.197.119.106
504,Aili,Trounce,atrouncedz@icio.us,Male,51.129.127.193
505,Arabela,Punshon,apunshone0@oracle.com,Female,123.53.92.215
506,Laurent,Mawby,lmawbye1@statcounter.com,Genderfluid,138.103.200.55
507,Wendel,Serchwell,wserchwelle2@tumblr.com,Male,150.55.234.29
508,Benedict,Hrycek,bhryceke3@archive.org,Polygender,238.100.19.60
509,Ambrose,Kenward,akenwarde4@gov.uk,Non-binary,97.10.190.137
510,Hollis,Alexsandrev,halexsandreve5@github.io,Genderfluid,164.216.53.185
511,Deedee,Walwood,dwalwoode6@webmd.com,Genderfluid,58.236.107.126
512,Anabelle,Lawleff,alawleffe7@ft.com,Agender,150.225.86.170
513,Thurston,Colomb,tcolombe8@walmart.com,Genderqueer,47.197.6.122
514,Estel,Bernadzki,ebernadzkie9@kickstarter.com,Non-binary,117.217.97.202
515,Whit,Burnsall,wburnsallea@t-online.de,Agender,61.241.65.41
516,Jacynth,Cuttings,jcuttingseb@vk.com,Polygender,241.139.144.25
517,Malory,Lochet,mlochetec@cnbc.com,Bigender,175.14.173.136
518,Sally,Brettelle,sbrettelleed@admin.ch,Genderqueer,30.197.225.65
519,Morse,Beel,mbeelee@google.fr,Genderqueer,194.210.99.196
520,Corbin,Bellany,cbellanyef@narod.ru,Agender,149.118.5.84
521,Sonnie,McCaughey,smccaugheyeg@latimes.com,Male,76.224.77.146
522,Stillmann,Hollow,sholloweh@dyndns.org,Male,202.244.113.128
523,Kele,Sclanders,ksclandersei@state.tx.us,Male,210.15.42.157
524,Tish,Edling,tedlingej@kickstarter.com,Genderfluid,197.149.21.101
525,Ole,Oxlade,ooxladeek@google.com,Polygender,2.161.192.92
526,Elisha,Lindenfeld,elindenfeldel@independent.co.uk,Genderfluid,107.6.99.244
527,Bertina,McIlriach,bmcilriachem@about.com,Agender,110.130.143.148
528,Janeczka,Brason,jbrasonen@tumblr.com,Polygender,150.208.220.207
529,Clary,Lympenie,clympenieeo@barnesandnoble.com,Female,245.21.167.241
530,Bogart,Winchurst,bwinchurstep@hibu.com,Polygender,87.174.247.224
531,Milly,Colliard,mcolliardeq@hhs.gov,Genderqueer,131.218.9.148
532,Salomone,Scranedge,sscranedgeer@xing.com,Bigender,113.167.41.234
533,Donnamarie,Dimeloe,ddimeloees@businessinsider.com,Genderqueer,192.210.15.43
534,Kasey,Spender,kspenderet@ycombinator.com,Genderqueer,134.56.206.72
535,Ramonda,Guerro,rguerroeu@archive.org,Polygender,12.144.64.50
536,Neill,Reford,nrefordev@newyorker.com,Male,128.225.38.249
537,Trude,Mougin,tmouginew@sourceforge.net,Female,237.49.171.136
538,Lin,Laugherane,llaugheraneex@furl.net,Male,146.235.53.193
539,Modestia,Lindberg,mlindbergey@homestead.com,Polygender,104.235.186.128
540,Donella,Sykora,dsykoraez@weebly.com,Polygender,29.74.49.244
541,Konstanze,Powis,kpowisf0@liveinternet.ru,Agender,235.135.90.135
542,Sharlene,Guyver,sguyverf1@a8.net,Male,93.104.249.117
543,Clemence,Cheak,ccheakf2@webeden.co.uk,Genderfluid,195.177.202.24
544,Ninnette,Duhig,nduhigf3@blogtalkradio.com,Male,245.122.187.24
545,Lolita,Prue,lpruef4@macromedia.com,Genderqueer,35.216.226.86
546,Selena,Gandey,sgandeyf5@ft.com,Female,38.204.206.82
547,Nadeen,Sazio,nsaziof6@dropbox.com,Agender,174.40.173.174
548,Josias,Ferraretto,jferrarettof7@infoseek.co.jp,Bigender,237.254.22.48
549,Kittie,Cordova,kcordovaf8@usda.gov,Genderfluid,80.200.170.108
550,Zsazsa,Shrimpling,zshrimplingf9@ask.com,Agender,76.60.145.208
551,Gwenora,Vedeshkin,gvedeshkinfa@prweb.com,Genderqueer,130.9.42.235
552,Rafaelia,Caltun,rcaltunfb@accuweather.com,Non-binary,247.146.214.31
553,Sheelah,Heaps,sheapsfc@imdb.com,Polygender,175.180.69.221
554,Wynne,Rodolf,wrodolffd@apache.org,Genderfluid,139.23.101.131
555,Mayor,Isakovitch,misakovitchfe@hp.com,Non-binary,114.168.102.170
556,Frankie,Aylmer,faylmerff@myspace.com,Polygender,226.0.122.35
557,Say,Borman,sbormanfg@ed.gov,Polygender,50.144.97.68
558,Chastity,Deeman,cdeemanfh@umn.edu,Genderqueer,122.113.9.122
559,Kial,MacBrearty,kmacbreartyfi@google.de,Female,93.200.137.236
560,Hetty,Goodwins,hgoodwinsfj@wikia.com,Polygender,3.38.92.207
561,Cris,Hounsham,chounshamfk@biblegateway.com,Female,148.206.196.182
562,Annice,Casali,acasalifl@slate.com,Bigender,185.29.112.29
563,Malchy,Murrie,mmurriefm@quantcast.com,Polygender,65.18.119.213
564,Riannon,Dumpleton,rdumpletonfn@google.nl,Agender,160.245.193.24
565,Latisha,Roseaman,lroseamanfo@squidoo.com,Polygender,143.53.72.69
566,Pepillo,Leijs,pleijsfp@prweb.com,Agender,249.254.40.194
567,Jessalyn,Sworn,jswornfq@dion.ne.jp,Female,222.60.58.207
568,Jarib,Bourgaize,jbourgaizefr@pen.io,Non-binary,31.225.113.253
569,Brittney,Coldbath,bcoldbathfs@dailymail.co.uk,Bigender,199.234.220.106
570,Felicia,Szimon,fszimonft@mediafire.com,Genderfluid,14.142.214.205
571,Gennie,Maciocia,gmaciociafu@deliciousdays.com,Female,134.195.25.67
572,Nichols,Shelvey,nshelveyfv@adobe.com,Bigender,52.252.156.64
573,Ram,Heine,rheinefw@xinhuanet.com,Bigender,9.186.24.98
574,Derrick,Goseling,dgoselingfx@nhs.uk,Female,161.58.237.13
575,Willey,Huller,whullerfy@foxnews.com,Polygender,220.145.17.64
576,Dominica,Muzzullo,dmuzzullofz@prnewswire.com,Agender,147.14.180.24
577,Shay,Morcom,smorcomg0@sciencedirect.com,Male,81.24.22.118
578,Phoebe,Mayworth,pmayworthg1@arizona.edu,Agender,247.44.137.218
579,Bourke,Cobden,bcobdeng2@hostgator.com,Non-binary,203.222.166.144
580,Emmy,Derle,ederleg3@stanford.edu,Male,113.78.219.120
581,Magda,Ancell,mancellg4@digg.com,Agender,164.12.229.34
582,Virginie,Kopke,vkopkeg5@nature.com,Polygender,108.177.15.37
583,Hussein,Fancott,hfancottg6@ebay.co.uk,Genderfluid,211.13.240.105
584,Cassandra,Bony,cbonyg7@redcross.org,Female,134.69.35.181
585,Mattie,Sorbey,msorbeyg8@narod.ru,Genderqueer,1.23.218.82
586,Sharlene,Tudball,studballg9@earthlink.net,Genderfluid,121.46.235.72
587,Xylina,Glasspoole,xglasspoolega@huffingtonpost.com,Genderqueer,76.40.204.228
588,Meghann,Kment,mkmentgb@technorati.com,Female,167.46.177.78
589,Raimund,Perfect,rperfectgc@instagram.com,Polygender,145.219.185.141
590,Neala,Ick,nickgd@rakuten.co.jp,Bigender,99.149.88.140
591,Elisabet,Nacey,enaceyge@nih.gov,Bigender,252.86.30.149
592,Neel,Salterne,nsalternegf@unesco.org,Genderqueer,172.132.28.202
593,Inna,Tiltman,itiltmangg@amazon.com,Agender,50.250.123.220
594,Barney,Adnet,badnetgh@hexun.com,Male,238.24.244.41
595,Joelly,Frederick,jfrederickgi@wunderground.com,Male,244.198.249.65
596,Stesha,Jaggli,sjaggligj@macromedia.com,Agender,50.41.28.245
597,Lorrin,Honig,lhoniggk@pagesperso-orange.fr,Female,88.202.254.135
598,Nappie,Benazet,nbenazetgl@livejournal.com,Agender,74.255.165.202
599,Shadow,Gehring,sgehringgm@mlb.com,Non-binary,14.27.130.113
600,Farlee,Willerton,fwillertongn@ucoz.ru,Polygender,229.227.201.70
601,Donnie,Tolworthie,dtolworthiego@unesco.org,Polygender,66.151.182.123
602,Ofilia,Esch,oeschgp@1und1.de,Genderfluid,228.250.50.81
603,Clarey,Bridgewood,cbridgewoodgq@spiegel.de,Genderfluid,80.76.237.107
604,Emmie,Serrier,eserriergr@last.fm,Female,199.182.20.112
605,Andeee,Mooring,amooringgs@geocities.jp,Female,181.91.69.12
606,Gottfried,Shubotham,gshubothamgt@unc.edu,Female,97.175.180.99
607,Yevette,Albrooke,yalbrookegu@cnet.com,Non-binary,21.125.75.75
608,Marsha,Windous,mwindousgv@prweb.com,Bigender,73.122.120.118
609,Hermie,Kahane,hkahanegw@cam.ac.uk,Female,69.50.69.54
610,Berty,Mugglestone,bmugglestonegx@examiner.com,Female,167.244.82.163
611,Jordain,Denford,jdenfordgy@yelp.com,Genderfluid,248.115.134.170
612,Gennie,Housen,ghousengz@biglobe.ne.jp,Genderqueer,56.86.14.73
613,Katharyn,Dugget,kduggeth0@sciencedaily.com,Agender,144.181.142.159
614,Moreen,Kubasek,mkubasekh1@sitemeter.com,Genderfluid,49.232.104.86
615,Riley,Scutcheon,rscutcheonh2@edublogs.org,Male,37.239.49.215
616,Tucky,Froment,tfromenth3@springer.com,Genderfluid,118.132.79.169
617,Pennie,Chittleburgh,pchittleburghh4@chicagotribune.com,Female,151.253.34.171
618,Cass,Kearey,ckeareyh5@sphinn.com,Polygender,190.50.92.50
619,Tucker,Standfield,tstandfieldh6@illinois.edu,Genderfluid,116.37.35.152
620,Urson,Hanaford,uhanafordh7@prlog.org,Non-binary,130.18.29.163
621,Grace,Dunnico,gdunnicoh8@bbc.co.uk,Polygender,22.46.75.172
622,Renata,Gatchel,rgatchelh9@mediafire.com,Male,196.114.141.203
623,Alick,Akker,aakkerha@artisteer.com,Non-binary,118.27.170.113
624,Perry,Haws,phawshb@constantcontact.com,Genderqueer,121.13.218.32
625,Kittie,Tubby,ktubbyhc@about.com,Male,27.29.165.40
626,Ellsworth,Ornelas,eornelashd@indiatimes.com,Agender,1.23.26.122
627,Starla,Life,slifehe@yandex.ru,Genderqueer,163.4.104.123
628,Rosy,Fozard,rfozardhf@bizjournals.com,Bigender,65.206.36.0
629,Frants,Wagge,fwaggehg@businesswire.com,Non-binary,143.69.95.57
630,Farleigh,Bostick,fbostickhh@kickstarter.com,Genderfluid,32.78.158.153
631,Evonne,Lebbon,elebbonhi@homestead.com,Agender,10.90.16.170
632,Marget,Tabbitt,mtabbitthj@mapquest.com,Polygender,139.153.195.3
633,Hermina,Gierardi,hgierardihk@nifty.com,Polygender,107.190.160.110
634,Olivia,Krysiak,okrysiakhl@goo.gl,Non-binary,250.83.156.137
635,Osborne,Haugh,ohaughhm@fotki.com,Female,3.76.245.0
636,Kahaleel,McClancy,kmcclancyhn@epa.gov,Polygender,5.161.241.133
637,Minette,Gormley,mgormleyho@washingtonpost.com,Agender,239.222.96.107
638,Newton,Skelly,nskellyhp@guardian.co.uk,Non-binary,84.236.123.65
639,Margarita,O'Finan,mofinanhq@odnoklassniki.ru,Non-binary,83.115.207.193
640,Goldi,Pee,gpeehr@wp.com,Bigender,108.53.56.73
641,Olenolin,Coupar,ocouparhs@oaic.gov.au,Bigender,156.235.166.147
642,Rene,Clarson,rclarsonht@craigslist.org,Genderfluid,251.252.118.250
643,Sol,Lafond,slafondhu@ucoz.com,Genderqueer,92.65.183.226
644,Ban,Di Biagio,bdibiagiohv@taobao.com,Bigender,216.207.21.16
645,Godfry,Bury,gburyhw@pen.io,Agender,165.251.183.165
646,Regan,Sculley,rsculleyhx@elegantthemes.com,Genderqueer,34.4.36.173
647,Koren,Slowley,kslowleyhy@posterous.com,Polygender,36.56.156.229
648,Romeo,Abrahams,rabrahamshz@samsung.com,Male,117.20.54.239
649,Guglielmo,Eliyahu,geliyahui0@51.la,Bigender,229.118.103.122
650,Konstanze,Bolgar,kbolgari1@gravatar.com,Polygender,133.0.52.220
651,Agneta,Woolland,awoollandi2@issuu.com,Agender,38.236.104.140
652,Belia,Beardsley,bbeardsleyi3@youtube.com,Polygender,152.128.26.179
653,Basilius,Calam,bcalami4@lycos.com,Non-binary,91.224.246.57
654,Bob,Fasler,bfasleri5@phpbb.com,Female,153.126.155.50
655,Chev,Durrad,cdurradi6@nhs.uk,Female,140.215.37.146
656,Filberto,Baudain,fbaudaini7@pinterest.com,Polygender,94.227.173.152
657,Kelcy,Mauser,kmauseri8@google.es,Female,29.74.218.40
658,Ann,O'Dyvoy,aodyvoyi9@ovh.net,Agender,230.180.247.191
659,Turner,Itzhak,titzhakia@sogou.com,Genderfluid,253.25.205.112
660,Sorcha,Castree,scastreeib@mozilla.org,Non-binary,149.36.156.121
661,Stace,Beckford,sbeckfordic@technorati.com,Bigender,169.217.178.140
662,Minna,Castanares,mcastanaresid@clickbank.net,Agender,14.72.215.253
663,Neil,McCuaig,nmccuaigie@amazonaws.com,Male,135.248.53.66
664,Chrissy,Scadding,cscaddingif@bbb.org,Genderfluid,46.243.77.43
665,Darci,Craddock,dcraddockig@squarespace.com,Genderfluid,218.72.126.98
666,Ardisj,Coopland,acooplandih@aboutads.info,Genderfluid,74.165.125.71
667,Andy,McCarrell,amccarrellii@bbc.co.uk,Bigender,29.231.128.90
668,Jennifer,Redholls,jredhollsij@state.gov,Polygender,15.43.210.168
669,Binni,Naismith,bnaismithik@chicagotribune.com,Polygender,234.87.85.190
670,Amery,Sorbey,asorbeyil@usatoday.com,Genderqueer,84.54.197.179
671,Ailina,Dionsetti,adionsettiim@bandcamp.com,Male,30.238.56.197
672,Darci,Hedde,dheddein@jimdo.com,Male,5.73.89.223
673,Marcel,Tissier,mtissierio@shinystat.com,Genderqueer,190.8.113.255
674,Harlie,Pardal,hpardalip@chronoengine.com,Agender,232.63.34.254
675,Melania,Von Oertzen,mvonoertzeniq@washington.edu,Genderfluid,39.214.135.83
676,Roana,Valerius,rvaleriusir@abc.net.au,Bigender,158.96.55.208
677,Courtney,Sammes,csammesis@patch.com,Genderqueer,115.95.134.153
678,Rozella,Fawssett,rfawssettit@skype.com,Genderfluid,91.180.35.87
679,Frankie,McCaughen,fmccaugheniu@github.io,Agender,117.81.125.73
680,Em,Padly,epadlyiv@phoca.cz,Genderfluid,15.2.255.159
681,Anett,Kempshall,akempshalliw@theatlantic.com,Non-binary,235.253.55.109
682,Hymie,Warbeys,hwarbeysix@gmpg.org,Male,151.187.138.254
683,Marco,Worley,mworleyiy@ibm.com,Bigender,125.111.215.102
684,Taite,Kenderdine,tkenderdineiz@t-online.de,Genderfluid,14.87.208.125
685,Heriberto,Billam,hbillamj0@geocities.jp,Non-binary,255.91.141.81
686,Cherice,Wanne,cwannej1@feedburner.com,Female,249.82.179.103
687,Fawne,Jordine,fjordinej2@nhs.uk,Female,103.30.235.86
688,Cornelius,Lotze,clotzej3@house.gov,Genderfluid,121.166.234.105
689,Henrieta,Crass,hcrassj4@geocities.com,Genderqueer,150.205.192.179
690,Lydia,Christophersen,lchristophersenj5@flickr.com,Agender,98.145.60.9
691,Tonia,Goss,tgossj6@biblegateway.com,Female,115.235.63.152
692,Delilah,Drayton,ddraytonj7@naver.com,Male,134.171.121.215
693,Zilvia,Baggaley,zbaggaleyj8@ibm.com,Bigender,94.35.4.52
694,Giacopo,Threadgall,gthreadgallj9@oaic.gov.au,Male,245.95.226.104
695,Deanne,Govini,dgovinija@pbs.org,Non-binary,30.107.172.12
696,Deb,Kop,dkopjb@harvard.edu,Non-binary,250.49.67.188
697,Clemmy,Wolsey,cwolseyjc@cmu.edu,Polygender,254.154.11.248
698,Eachelle,Wolstencroft,ewolstencroftjd@theatlantic.com,Male,128.244.240.86
699,Mercy,Bruckman,mbruckmanje@photobucket.com,Male,91.11.243.225
700,Dietrich,Oglesbee,doglesbeejf@go.com,Female,170.68.174.241
701,Rafaellle,Brackpool,rbrackpooljg@is.gd,Male,48.157.255.174
702,Barde,Valois,bvaloisjh@seattletimes.com,Male,222.33.160.10
703,Kimble,Claughton,kclaughtonji@mit.edu,Female,184.170.3.107
704,Audie,Brodest,abrodestjj@instagram.com,Polygender,102.94.41.248
705,Tamqrah,Berceros,tbercerosjk@so-net.ne.jp,Bigender,45.142.37.251
706,Marjy,Vivers,mviversjl@nbcnews.com,Female,105.180.101.89
707,Cirilo,Fike,cfikejm@ucoz.ru,Female,132.239.143.141
708,Waiter,Elcy,welcyjn@admin.ch,Polygender,124.64.211.255
709,Currey,Shoulder,cshoulderjo@businessinsider.com,Bigender,114.31.236.68
710,Starlin,McSperron,smcsperronjp@xinhuanet.com,Male,46.246.17.187
711,Talbot,Burnyeat,tburnyeatjq@tiny.cc,Genderqueer,62.66.60.74
712,Roland,Meugens,rmeugensjr@4shared.com,Non-binary,80.208.178.162
713,Anna,Gabbett,agabbettjs@chron.com,Female,253.15.172.196
714,Barbara,Pickle,bpicklejt@ycombinator.com,Polygender,77.140.85.198
715,Berny,Gascar,bgascarju@admin.ch,Female,62.21.174.79
716,Ransell,Lubeck,rlubeckjv@surveymonkey.com,Bigender,124.103.198.131
717,Loreen,Purveys,lpurveysjw@hud.gov,Female,173.161.172.38
718,Scarlett,Ferruzzi,sferruzzijx@forbes.com,Genderfluid,155.230.135.237
719,Ericha,Baxstare,ebaxstarejy@boston.com,Bigender,18.217.208.167
720,Berty,Lucia,bluciajz@parallels.com,Bigender,165.76.3.129
721,Poppy,Colville,pcolvillek0@friendfeed.com,Genderfluid,219.90.255.247
722,Koressa,Goom,kgoomk1@opera.com,Male,185.202.29.128
723,Sukey,Bradbrook,sbradbrookk2@webmd.com,Male,40.152.211.240
724,Sigmund,Gilchrist,sgilchristk3@google.cn,Male,15.91.118.168
725,Carr,Davidsohn,cdavidsohnk4@de.vu,Genderqueer,49.235.136.97
726,Roxine,Holde,rholdek5@spiegel.de,Male,174.17.3.150
727,Lacey,Scamal,lscamalk6@people.com.cn,Female,81.168.85.38
728,Kevan,Andrieux,kandrieuxk7@purevolume.com,Non-binary,148.134.248.87
729,Rhonda,Ninnoli,rninnolik8@surveymonkey.com,Agender,73.238.138.227
730,Lesly,Sutlieff,lsutlieffk9@yolasite.com,Bigender,214.227.175.97
731,Claudelle,Bradly,cbradlyka@w3.org,Genderqueer,142.241.25.164
732,Cobb,Mattevi,cmattevikb@biglobe.ne.jp,Genderfluid,203.240.103.63
733,Phaidra,Freeburn,pfreeburnkc@scientificamerican.com,Genderqueer,248.112.252.120
734,Sheena,Mousby,smousbykd@un.org,Male,38.205.19.123
735,Erl,Sarle,esarleke@barnesandnoble.com,Female,162.12.53.231
736,Trstram,Bevar,tbevarkf@phpbb.com,Bigender,58.222.66.38
737,Angel,Hillock,ahillockkg@redcross.org,Bigender,88.220.183.148
738,Nolan,Marwood,nmarwoodkh@fema.gov,Polygender,49.144.219.198
739,Martie,Noakes,mnoakeski@linkedin.com,Female,121.126.51.232
740,Amity,Chipp,achippkj@mlb.com,Male,205.101.72.117
741,Norah,Slyne,nslynekk@oakley.com,Genderfluid,192.190.209.26
742,Kaye,Helliwell,khelliwellkl@chron.com,Non-binary,3.34.216.157
743,Herschel,Jeffreys,hjeffreyskm@netscape.com,Female,224.178.121.46
744,Lethia,Coll,lcollkn@oracle.com,Non-binary,23.251.242.135
745,Emery,Sparshutt,esparshuttko@360.cn,Non-binary,242.205.232.68
746,Brooke,Lind,blindkp@lulu.com,Genderfluid,123.190.31.246
747,Stirling,Neads,sneadskq@plala.or.jp,Genderqueer,68.5.39.95
748,Maurizia,Hachard,mhachardkr@digg.com,Polygender,222.108.13.148
749,Bearnard,Danilewicz,bdanilewiczks@miitbeian.gov.cn,Female,136.154.10.143
750,Daffy,Weaving,dweavingkt@biglobe.ne.jp,Non-binary,169.201.81.31
751,Hansiain,Macknish,hmacknishku@shutterfly.com,Male,121.110.164.175
752,Christyna,Senter,csenterkv@senate.gov,Male,32.131.53.233
753,Kyle,Durkin,kdurkinkw@histats.com,Male,163.213.212.186
754,Rhodie,Martygin,rmartyginkx@spiegel.de,Agender,247.230.243.208
755,Ginnie,Elflain,gelflainky@independent.co.uk,Genderqueer,98.210.165.88
756,Moises,Egalton,megaltonkz@com.com,Agender,252.106.229.84
757,Klara,Jennaway,kjennawayl0@wikipedia.org,Agender,17.206.122.118
758,Eddie,Falkus,efalkusl1@sbwire.com,Non-binary,87.14.107.246
759,Benjie,Simionescu,bsimionescul2@statcounter.com,Polygender,136.184.130.107
760,Lacee,Hubbard,lhubbardl3@friendfeed.com,Genderfluid,46.240.6.65
761,Bryanty,Heaysman,bheaysmanl4@accuweather.com,Genderfluid,67.185.93.176
762,Sylvan,Folger,sfolgerl5@4shared.com,Genderqueer,59.186.113.92
763,Hailey,Gerrill,hgerrilll6@sphinn.com,Female,21.33.84.97
764,Gustavus,Ucceli,guccelil7@mayoclinic.com,Female,169.162.190.213
765,Lizette,Sam,lsaml8@ow.ly,Agender,38.240.198.241
766,Stanislaus,Steels,ssteelsl9@rambler.ru,Polygender,170.116.23.252
767,Briant,Martygin,bmartyginla@businessinsider.com,Bigender,236.254.29.97
768,Faydra,Jakeway,fjakewaylb@mayoclinic.com,Male,253.168.202.163
769,Ophelie,Deam,odeamlc@cbslocal.com,Male,151.145.229.76
770,Avivah,Hirsthouse,ahirsthouseld@flickr.com,Bigender,158.70.252.193
771,Toni,Riordan,triordanle@blinklist.com,Female,23.109.245.61
772,Brook,Berkelay,bberkelaylf@jalbum.net,Female,76.87.93.178
773,Carey,Killelay,ckillelaylg@upenn.edu,Agender,116.200.94.182
774,Derick,Bricknell,dbricknelllh@360.cn,Female,118.143.219.222
775,Dal,Jaegar,djaegarli@guardian.co.uk,Polygender,247.65.68.134
776,Matthiew,Ablott,mablottlj@youtu.be,Non-binary,217.139.79.186
777,Leia,Negri,lnegrilk@fc2.com,Male,42.120.34.193
778,Jonah,Davley,jdavleyll@hexun.com,Genderfluid,187.224.189.190
779,Harriott,Gocke,hgockelm@dropbox.com,Female,98.175.69.168
780,Ninetta,Lynskey,nlynskeyln@jiathis.com,Genderqueer,139.39.29.161
781,Vivi,Budnk,vbudnklo@behance.net,Genderqueer,6.206.189.239
782,Leeann,Labone,llabonelp@sfgate.com,Non-binary,162.193.239.145
783,Hillier,Stubbert,hstubbertlq@dot.gov,Polygender,189.133.63.225
784,Webb,Langstrath,wlangstrathlr@toplist.cz,Bigender,165.98.205.157
785,Olivier,Finkle,ofinklels@vk.com,Male,187.165.75.57
786,Cristobal,Dionsetto,cdionsettolt@illinois.edu,Genderfluid,109.237.10.222
787,Horacio,Opdenorth,hopdenorthlu@dell.com,Bigender,13.52.139.171
788,Odille,Dispencer,odispencerlv@patch.com,Non-binary,0.251.229.144
789,Ileana,Chestle,ichestlelw@weebly.com,Bigender,208.63.77.235
790,Ronnie,Doodney,rdoodneylx@purevolume.com,Agender,204.142.33.193
791,Nert,Assandri,nassandrily@harvard.edu,Genderfluid,205.37.89.104
792,Jecho,Clashe,jclashelz@slate.com,Polygender,232.123.245.96
793,Kania,O'Teague,koteaguem0@tiny.cc,Female,253.76.219.33
794,Fawne,Tulley,ftulleym1@squarespace.com,Male,224.8.21.9
795,Janna,Gauvain,jgauvainm2@miibeian.gov.cn,Genderfluid,52.184.202.30
796,Jolene,Kos,jkosm3@google.de,Genderfluid,18.140.17.169
797,Honey,Firks,hfirksm4@altervista.org,Bigender,132.15.110.214
798,Hedvig,Whittington,hwhittingtonm5@xrea.com,Non-binary,53.196.111.90
799,Dexter,Heiner,dheinerm6@exblog.jp,Bigender,31.98.133.121
800,Ron,Pounder,rpounderm7@huffingtonpost.com,Female,55.185.212.39
801,Arv,Mulbry,amulbrym8@myspace.com,Female,78.92.214.251
802,Velvet,Dunley,vdunleym9@blogspot.com,Non-binary,203.22.135.139
803,Teri,Shanks,tshanksma@sakura.ne.jp,Female,59.251.137.98
804,Thornton,McLagan,tmclaganmb@mac.com,Genderqueer,201.12.117.38
805,Darnall,Tadgell,dtadgellmc@discovery.com,Agender,69.230.206.71
806,Niven,Weinmann,nweinmannmd@goo.ne.jp,Female,67.248.23.56
807,Donelle,Bartoszewski,dbartoszewskime@whitehouse.gov,Polygender,255.85.166.6
808,Alf,Adami,aadamimf@goodreads.com,Male,182.165.171.56
809,Marmaduke,Hedney,mhedneymg@gizmodo.com,Male,229.95.44.198
810,Thomasin,Vedenyapin,tvedenyapinmh@sina.com.cn,Female,144.2.56.83
811,Dorthy,Daykin,ddaykinmi@cdbaby.com,Polygender,172.92.141.34
812,Aleta,Guynemer,aguynemermj@google.pl,Female,71.197.148.90
813,Leta,Cudbertson,lcudbertsonmk@ox.ac.uk,Female,108.198.168.118
814,Bordie,Soigne,bsoigneml@quantcast.com,Bigender,68.223.129.75
815,Davis,Condit,dconditmm@bizjournals.com,Female,99.239.24.22
816,Beck,Castagno,bcastagnomn@salon.com,Non-binary,219.215.0.147
817,Linet,Biset,lbisetmo@elpais.com,Polygender,91.200.128.5
818,Rodney,Schwartz,rschwartzmp@deviantart.com,Agender,229.245.202.188
819,Gifford,Alton,galtonmq@blogspot.com,Genderfluid,125.241.8.212
820,Krisha,Alphege,kalphegemr@meetup.com,Polygender,131.34.124.109
821,Suzie,Kynett,skynettms@last.fm,Agender,164.80.64.245
822,Donnell,Ayce,daycemt@webs.com,Agender,147.52.95.55
823,Coral,Wickwar,cwickwarmu@ftc.gov,Polygender,177.165.25.184
824,Sibbie,Scemp,sscempmv@loc.gov,Female,179.70.229.100
825,Garnet,Jearum,gjearummw@ezinearticles.com,Female,122.62.113.110
826,Osbourne,Passey,opasseymx@amazonaws.com,Genderqueer,203.189.151.204
827,Teriann,Irvin,tirvinmy@feedburner.com,Genderfluid,95.27.79.23
828,Claude,Esmead,cesmeadmz@yale.edu,Male,108.176.251.188
829,Marsha,Philot,mphilotn0@youku.com,Agender,249.220.216.47
830,Oliy,Boardman,oboardmann1@rambler.ru,Agender,104.105.172.199
831,Hyacinthie,Breznovic,hbreznovicn2@ca.gov,Polygender,143.177.230.135
832,Fairleigh,Elward,felwardn3@admin.ch,Bigender,50.216.156.222
833,Billy,Kirsch,bkirschn4@google.pl,Bigender,227.210.113.137
834,Royall,MacMickan,rmacmickann5@sciencedirect.com,Female,62.62.215.113
835,Vera,Braidford,vbraidfordn6@oakley.com,Polygender,157.128.229.233
836,Kelsey,Bilbie,kbilbien7@patch.com,Bigender,79.137.105.95
837,Brook,Dufaire,bdufairen8@hubpages.com,Female,94.123.252.152
838,Beverlee,Mixhel,bmixheln9@bizjournals.com,Genderqueer,3.170.222.133
839,Ezekiel,Cromie,ecromiena@blinklist.com,Genderfluid,229.63.197.142
840,Barclay,Laterza,blaterzanb@wikia.com,Bigender,93.82.96.105
841,Berke,Willerson,bwillersonnc@baidu.com,Polygender,174.98.223.243
842,Mayor,Carus,mcarusnd@cmu.edu,Genderqueer,62.137.130.34
843,Alyse,Deinert,adeinertne@vistaprint.com,Female,205.124.22.89
844,Elke,Duinkerk,eduinkerknf@alexa.com,Agender,18.24.39.159
845,Aluin,Wiseman,awisemanng@baidu.com,Female,66.171.204.181
846,Oswell,Laughren,olaughrennh@barnesandnoble.com,Genderfluid,40.15.58.236
847,Ray,Deveraux,rdeverauxni@delicious.com,Bigender,100.183.229.240
848,Corri,Gosnold,cgosnoldnj@about.com,Genderqueer,255.233.178.238
849,Cassandra,Mattiussi,cmattiussink@netvibes.com,Female,71.213.239.42
850,Hesther,Lux,hluxnl@cbslocal.com,Male,142.172.56.221
851,Sybilla,Jenk,sjenknm@utexas.edu,Male,232.160.137.88
852,Wald,Mc Queen,wmcqueennn@multiply.com,Genderfluid,80.229.21.41
853,Maris,Filby,mfilbyno@google.com.hk,Genderfluid,42.183.39.139
854,Trista,Keers,tkeersnp@blogger.com,Non-binary,46.131.13.76
855,Cori,Sterland,csterlandnq@cdbaby.com,Non-binary,175.10.60.201
856,Marcy,Kubiak,mkubiaknr@yolasite.com,Genderqueer,159.84.9.88
857,Paolo,Kettlestringes,pkettlestringesns@sitemeter.com,Genderqueer,93.77.88.131
858,Sheelagh,Pipes,spipesnt@exblog.jp,Male,221.30.147.133
859,Ariella,Kurtis,akurtisnu@bloglines.com,Female,133.128.148.114
860,Mae,Bentjens,mbentjensnv@dagondesign.com,Genderfluid,54.31.234.135
861,Patty,Yabsley,pyabsleynw@ebay.co.uk,Non-binary,74.144.57.228
862,Karlene,Gilgryst,kgilgrystnx@nih.gov,Genderqueer,129.78.23.254
863,Penelopa,Gartside,pgartsideny@virginia.edu,Polygender,86.32.193.191
864,Berte,Skellern,bskellernnz@globo.com,Genderfluid,84.90.173.89
865,Dominick,Wearden,dweardeno0@topsy.com,Agender,161.106.115.29
866,Tristan,Ottley,tottleyo1@ibm.com,Genderqueer,206.215.47.137
867,Marie-jeanne,Appleton,mappletono2@nhs.uk,Male,185.75.125.64
868,Gerard,Titterrell,gtitterrello3@indiegogo.com,Genderqueer,137.240.4.21
869,Rivy,Skeats,rskeatso4@istockphoto.com,Polygender,223.90.99.211
870,Cicily,Brampton,cbramptono5@hatena.ne.jp,Agender,225.154.141.23
871,Angeline,Gluyus,agluyuso6@springer.com,Polygender,157.92.129.34
872,Francois,Rowntree,frowntreeo7@tmall.com,Agender,99.144.247.70
873,Alla,Whitcher,awhitchero8@tiny.cc,Non-binary,109.76.231.95
874,Codi,Grannell,cgrannello9@weibo.com,Genderqueer,119.53.144.216
875,Gill,Clymo,gclymooa@google.es,Female,238.103.35.65
876,Allin,St Leger,astlegerob@jigsy.com,Male,64.153.152.157
877,Karl,Mennell,kmennelloc@blogger.com,Bigender,232.69.82.17
878,Lodovico,Giacopazzi,lgiacopazziod@google.ca,Genderfluid,85.225.31.34
879,Valeda,Seth,vsethoe@sphinn.com,Agender,32.16.161.16
880,Verna,Moar,vmoarof@marketwatch.com,Genderqueer,190.243.82.88
881,Eleonore,Letterese,elettereseog@reference.com,Female,177.138.110.164
882,Gardiner,Hammill,ghammilloh@sina.com.cn,Male,197.130.135.91
883,Nance,Hymor,nhymoroi@biblegateway.com,Genderfluid,244.7.65.240
884,Jilli,Thrustle,jthrustleoj@wunderground.com,Agender,132.246.178.14
885,Itch,Bowlas,ibowlasok@facebook.com,Bigender,221.230.160.142
886,Meg,Matyja,mmatyjaol@theatlantic.com,Female,231.243.76.228
887,Siobhan,Minghi,sminghiom@dailymail.co.uk,Male,37.107.242.246
888,Harri,Lennox,hlennoxon@eventbrite.com,Genderfluid,151.243.149.234
889,Curtis,MacKibbon,cmackibbonoo@bloglines.com,Non-binary,127.196.162.160
890,Guillermo,Harvatt,gharvattop@rediff.com,Polygender,88.190.126.166
891,Winston,Deerr,wdeerroq@macromedia.com,Polygender,99.48.63.85
892,Alison,O'Currane,aocurraneor@hibu.com,Genderfluid,182.24.141.2
893,Yolanthe,Drake,ydrakeos@jiathis.com,Genderfluid,197.245.13.24
894,Molli,MacCarter,mmaccarterot@wsj.com,Polygender,168.6.147.216
895,Sandye,Heisler,sheislerou@dailymail.co.uk,Non-binary,203.61.119.219
896,Hayden,Holton,hholtonov@miitbeian.gov.cn,Polygender,173.127.240.233
897,Alfreda,Scala,ascalaow@barnesandnoble.com,Male,141.96.128.126
898,Morton,Anthoney,manthoneyox@yellowpages.com,Bigender,78.87.153.190
899,Abey,Schade,aschadeoy@cnet.com,Non-binary,133.204.250.102
900,Arel,Undrell,aundrelloz@biglobe.ne.jp,Genderfluid,52.230.10.1
901,Emmalee,Franckton,efrancktonp0@photobucket.com,Bigender,179.14.28.154
902,Jon,Glencros,jglencrosp1@bloomberg.com,Bigender,124.149.176.115
903,Ajay,Myford,amyfordp2@noaa.gov,Male,122.194.57.193
904,Gideon,Vivians,gviviansp3@guardian.co.uk,Agender,188.31.236.150
905,Miguelita,Houlridge,mhoulridgep4@google.ca,Non-binary,21.156.212.240
906,Chryste,Benech,cbenechp5@epa.gov,Non-binary,151.176.174.23
907,Katalin,Edger,kedgerp6@qq.com,Genderqueer,228.50.49.252
908,Fancy,Timms,ftimmsp7@hexun.com,Genderqueer,52.47.247.13
909,Brittne,Gilhouley,bgilhouleyp8@walmart.com,Agender,99.71.52.253
910,Adiana,Micallef,amicallefp9@apple.com,Male,106.178.4.110
911,Willy,Barrs,wbarrspa@unc.edu,Bigender,8.221.159.84
912,Bibi,Napleton,bnapletonpb@usatoday.com,Genderqueer,196.61.172.107
913,Burch,Schenfisch,bschenfischpc@eepurl.com,Female,237.19.236.98
914,Agna,Axelby,aaxelbypd@marriott.com,Bigender,28.137.79.239
915,Tobe,Bedenham,tbedenhampe@1und1.de,Bigender,60.75.106.216
916,Ancell,Lukesch,alukeschpf@oaic.gov.au,Genderqueer,54.242.250.241
917,Aubrey,Doche,adochepg@studiopress.com,Genderfluid,105.121.91.186
918,Constancia,Hachard,chachardph@biglobe.ne.jp,Bigender,58.122.52.254
919,Emalia,Flaherty,eflahertypi@sogou.com,Polygender,223.62.230.182
920,Brigg,Greet,bgreetpj@google.fr,Female,170.188.247.157
921,Lonna,Robion,lrobionpk@nationalgeographic.com,Genderfluid,98.6.90.17
922,Rosalia,Kitchenside,rkitchensidepl@paginegialle.it,Bigender,125.242.232.96
923,Gino,Delacroux,gdelacrouxpm@slideshare.net,Polygender,135.239.58.14
924,Beverly,Ambrosi,bambrosipn@ftc.gov,Polygender,79.73.54.86
925,Khalil,Ciementini,kciementinipo@mail.ru,Genderqueer,72.99.255.240
926,Otho,Scard,oscardpp@is.gd,Polygender,111.185.49.138
927,Layne,Prangnell,lprangnellpq@twitpic.com,Genderfluid,204.27.3.210
928,Scarlett,Janowicz,sjanowiczpr@nature.com,Agender,86.136.4.32
929,Miof mela,Mattsson,mmattssonps@netscape.com,Female,175.127.113.250
930,Agnese,Donaldson,adonaldsonpt@google.de,Male,59.194.128.17
931,Mychal,Bedingfield,mbedingfieldpu@biglobe.ne.jp,Genderfluid,60.162.209.71
932,Alma,Vereker,averekerpv@sciencedaily.com,Male,59.249.32.26
933,Shepperd,Oakenfull,soakenfullpw@google.com.au,Bigender,52.116.236.69
934,Kingsley,Goard,kgoardpx@npr.org,Female,125.26.86.43
935,Kay,Oxford,koxfordpy@drupal.org,Non-binary,50.3.187.72
936,Roberta,Skae,rskaepz@toplist.cz,Bigender,200.245.72.251
937,Sidonnie,Tripp,strippq0@flickr.com,Genderfluid,214.242.56.63
938,Kenna,Grisard,kgrisardq1@ibm.com,Bigender,185.7.166.30
939,Phillis,Pilch,ppilchq2@home.pl,Male,5.233.24.57
940,Kincaid,Cockitt,kcockittq3@topsy.com,Genderfluid,40.245.228.190
941,Arley,Matveichev,amatveichevq4@dyndns.org,Agender,151.166.163.13
942,Calypso,Netting,cnettingq5@auda.org.au,Genderfluid,58.75.199.247
943,Aubert,Lillyman,alillymanq6@etsy.com,Polygender,30.45.160.145
944,Bonnie,Skitterel,bskitterelq7@census.gov,Male,166.63.171.25
945,Nessi,Duckwith,nduckwithq8@tinyurl.com,Agender,208.116.215.212
946,Burl,Willmont,bwillmontq9@plala.or.jp,Agender,133.87.126.162
947,Frederique,Ashment,fashmentqa@washingtonpost.com,Male,147.150.151.183
948,Reggy,Pusill,rpusillqb@time.com,Non-binary,132.243.53.96
949,Skye,Guiver,sguiverqc@about.me,Genderfluid,76.82.10.32
950,Ronnie,Huccaby,rhuccabyqd@so-net.ne.jp,Genderfluid,153.236.134.104
951,Jennee,McMurty,jmcmurtyqe@vimeo.com,Female,26.87.109.213
952,Genni,Rispine,grispineqf@netvibes.com,Non-binary,19.4.152.232
953,Mic,Gilhool,mgilhoolqg@plala.or.jp,Non-binary,97.168.29.34
954,Emmerich,Janny,ejannyqh@cornell.edu,Polygender,183.122.229.189
955,Horatio,Taffley,htaffleyqi@alexa.com,Polygender,129.19.103.197
956,Vania,Matuszewski,vmatuszewskiqj@nih.gov,Non-binary,22.20.206.18
957,Rayshell,Pudan,rpudanqk@usa.gov,Agender,53.48.68.92
958,Mannie,Darlaston,mdarlastonql@apache.org,Female,112.56.168.169
959,Fidelity,Toffolo,ftoffoloqm@cbc.ca,Male,42.63.157.145
960,Verge,Ives,vivesqn@irs.gov,Genderfluid,197.102.47.248
961,Deanna,Sargeant,dsargeantqo@privacy.gov.au,Genderfluid,42.62.160.136
962,Agnola,Pinkney,apinkneyqp@vimeo.com,Female,142.218.240.229
963,Dyane,Pattison,dpattisonqq@moonfruit.com,Non-binary,158.164.162.49
964,Yorke,Rankmore,yrankmoreqr@amazon.co.uk,Agender,50.145.71.235
965,Pepillo,Whittleton,pwhittletonqs@netlog.com,Agender,252.43.224.62
966,Robbie,Hackey,rhackeyqt@mtv.com,Bigender,6.155.216.121
967,Boniface,Foy,bfoyqu@cbslocal.com,Female,140.70.187.56
968,Shena,Artz,sartzqv@cyberchimps.com,Polygender,235.172.36.181
969,Jerrie,Echelle,jechelleqw@cnn.com,Agender,106.240.127.86
970,Tandy,Bartolomeotti,tbartolomeottiqx@people.com.cn,Polygender,70.89.217.64
971,Gaspard,Carnock,gcarnockqy@ed.gov,Non-binary,235.62.248.57
972,Joaquin,Wadeling,jwadelingqz@netvibes.com,Agender,89.143.11.90
973,Luelle,Swallwell,lswallwellr0@howstuffworks.com,Agender,36.107.221.209
974,Christi,Whittlesee,cwhittleseer1@google.com.br,Polygender,102.236.29.51
975,Saunders,Talloe,stalloer2@disqus.com,Polygender,90.8.62.223
976,Malvina,Antoni,mantonir3@sbwire.com,Bigender,235.216.206.45
977,Bonnibelle,Gounard,bgounardr4@sun.com,Bigender,127.221.104.23
978,Catie,Merali,cmeralir5@youtu.be,Genderfluid,115.182.0.178
979,Frank,Landon,flandonr6@admin.ch,Genderqueer,39.213.154.108
980,Hunt,Logie,hlogier7@bing.com,Non-binary,202.128.239.31
981,Jess,Howe,jhower8@taobao.com,Male,181.105.116.123
982,Rosanna,Rylands,rrylandsr9@newyorker.com,Non-binary,187.194.170.167
983,Annabel,Seery,aseeryra@google.co.jp,Bigender,96.54.215.86
984,Dorri,Thyng,dthyngrb@wunderground.com,Female,244.193.201.106
985,Loreen,Girdlestone,lgirdlestonerc@mozilla.org,Male,35.21.95.43
986,Luciana,Edmand,ledmandrd@yellowpages.com,Genderfluid,51.162.38.176
987,Dion,Tappor,dtapporre@oracle.com,Male,37.226.58.33
988,Valina,Duchesne,vduchesnerf@miibeian.gov.cn,Bigender,106.183.208.241
989,Elonore,Gunter,egunterrg@wordpress.com,Genderfluid,58.85.49.141
990,Marthena,Maris,mmarisrh@tuttocitta.it,Genderqueer,60.72.216.101
991,Briny,Scoullar,bscoullarri@ning.com,Agender,42.22.57.17
992,Jennee,Vittel,jvittelrj@sitemeter.com,Genderfluid,203.184.3.133
993,Renie,Senton,rsentonrk@thetimes.co.uk,Non-binary,229.173.201.233
994,Reba,Graybeal,rgraybealrl@icio.us,Polygender,164.179.122.1
995,Kit,Lumsdale,klumsdalerm@histats.com,Polygender,189.245.120.146
996,Flossie,Magauran,fmagauranrn@wordpress.com,Polygender,82.42.83.48
997,Natale,Jagg,njaggro@instagram.com,Genderfluid,212.72.62.238
998,Genny,Bartolijn,gbartolijnrp@nbcnews.com,Male,33.10.8.142
999,Rosina,Stone Fewings,rstonefewingsrq@sogou.com,Bigender,244.198.244.83
1000,Dillie,Tomsu,dtomsurr@csmonitor.com,Non-binary,162.175.131.251
